{"cameraMode":{"drawMode":0,"name":"Shaded","section":"Shading Mode"},"sceneLighting":true,"audioPlay":false,"sceneViewState":{"showFog":true,"showMaterialUpdate":false,"showSkybox":true,"showFlares":true,"showImageEffects":true,"showParticleSystems":true},"in2DMode":false,"pivot":{"x":3.388144016265869,"y":49.53874206542969,"z":200.8511505126953},"rotation":{"x":0.1698800027370453,"y":0.19837722182273866,"z":-0.03491823375225067,"w":0.9646782875061035},"size":2.1463510990142824,"orthographic":false}